INSERT INTO Genre (genreId, name) VALUES
(1, 'Science Fiction'),
(2, 'Fantasy'),
(3, 'Mystery'),
(4, 'Romance'),
(5, 'Thriller'),
(6, 'Historical Fiction'),
(7, 'Non-Fiction'),
(8, 'Biography'),
(9, 'Self-Help'),
(10, 'Horror');

INSERT INTO Author (authorId, name, biography) VALUES
(1, 'George Orwell', 'English novelist, essayist, journalist and critic, best known for ''1984'' and ''Animal Farm''.'),
(2, 'J.K. Rowling', 'British author, best known for writing the Harry Potter fantasy series.'),
(3, 'Agatha Christie', 'Prolific British writer known for her detective novels and short stories.'),
(4, 'Jane Austen', 'English novelist known primarily for her six major novels including ''Pride and Prejudice''.'),
(5, 'Stephen King', 'American author of horror, supernatural fiction, suspense, and fantasy novels.'),
(6, 'J.R.R. Tolkien', 'English writer and philologist best known for ''The Hobbit'' and ''The Lord of the Rings''.'),
(7, 'Yuval Noah Harari', 'Israeli historian and author of ''Sapiens: A Brief History of Humankind''.'),
(8, 'Michelle Obama', 'Former First Lady of the United States and author of the memoir ''Becoming''.'),
(9, 'Dale Carnegie', 'American writer and lecturer known for ''How to Win Friends and Influence People''.'),
(10, 'Bram Stoker', 'Irish author best known for his 1897 Gothic horror novel ''Dracula''.');

INSERT INTO Inventory (inventoryId, quantity) VALUES
(1, 186),
(2, 140),
(3, 68),
(4, 140),
(5, 38),
(6, 46),
(7, 109),
(8, 144),
(9, 160),
(10, 21);

INSERT INTO Supplier (supplierId, name, contactInfo, inventoryId) VALUES
(1, 'Supplier_1', 'contact1@mail.com', 1),
(2, 'Supplier_2', 'contact2@mail.com', 2),
(3, 'Supplier_3', 'contact3@mail.com', 3),
(4, 'Supplier_4', 'contact4@mail.com', 4),
(5, 'Supplier_5', 'contact5@mail.com', 5),
(6, 'Supplier_6', 'contact6@mail.com', 6),
(7, 'Supplier_7', 'contact7@mail.com', 7),
(8, 'Supplier_8', 'contact8@mail.com', 8),
(9, 'Supplier_9', 'contact9@mail.com', 9),
(10, 'Supplier_10', 'contact10@mail.com', 10);

INSERT INTO BookGroup (bookGroupId, inventoryId, title, authorId, genreId, price) VALUES
(1, 1, '1984', 1, 1, 35.92),
(2, 2, 'Harry Potter and the Sorcerer''s Stone', 2, 2, 10.29),
(3, 3, 'Murder on the Orient Express', 3, 3, 29.14),
(4, 4, 'Pride and Prejudice', 4, 4, 36.45),
(5, 5, 'The Shining', 5, 5, 24.41),
(6, 6, 'The Hobbit', 6, 6, 22.25),
(7, 7, 'Sapiens: A Brief History of Humankind', 7, 7, 9.98),
(8, 8, 'Becoming', 8, 8, 44.56),
(9, 9, 'How to Win Friends and Influence People', 9, 9, 27.37),
(10, 10, 'Dracula', 10, 10, 9.54),
(11, 1, 'Animal Farm', 1, 2, 15.5),
(12, 2, 'Fantastic Beasts', 2, 1, 18.25),
(13, 3, 'Death on the Nile', 3, 5, 30.0),
(14, 4, 'Emma', 4, 4, 32.4),
(15, 5, 'Carrie', 5, 4, 20.75),
(16, 6, 'The Silmarillion', 6, 3, 28.3),
(17, 7, 'Homo Deus', 7, 2, 11.8),
(18, 8, 'The Light We Carry', 8, 9, 39.99),
(19, 9, 'Leadership Mastery', 9, 2, 26.0),
(20, 10, 'The Jewel of Seven Stars', 10, 10, 12.65);

INSERT INTO Book (bookId, bookGroupId) VALUES
(1, 1), (2, 2), (3, 3), (4, 4), (5, 5),
(6, 6), (7, 7), (8, 8), (9, 9), (10, 10);

INSERT INTO Customer (customerId, name, email, phone, address) VALUES
(1, 'Emily Johnson', 'emily.johnson@mail.com', '5733592255', '123 Elm Street, Springfield, IL'),
(2, 'Michael Smith', 'michael.smith@mail.com', '5830821565', '456 Oak Avenue, Brooklyn, NY'),
(3, 'Olivia Brown', 'olivia.brown@mail.com', '5818534747', '789 Pine Lane, Austin, TX'),
(4, 'Daniel Garcia', 'daniel.garcia@mail.com', '5567096254', '321 Maple Drive, San Diego, CA'),
(5, 'Sophia Lee', 'sophia.lee@mail.com', '5931700191', '654 Cedar Blvd, Miami, FL'),
(6, 'James Anderson', 'james.anderson@mail.com', '5539726184', '987 Birch Rd, Denver, CO'),
(7, 'Isabella Martinez', 'isabella.martinez@mail.com', '5956156993', '159 Walnut St, Seattle, WA'),
(8, 'William Clark', 'william.clark@mail.com', '5418196888', '753 Aspen Way, Portland, OR'),
(9, 'Mia Lewis', 'mia.lewis@mail.com', '5865486782', '852 Redwood Trl, Atlanta, GA'),
(10, 'Benjamin Hall', 'benjamin.hall@mail.com', '5497521154', '951 Willow Ct, Boston, MA');

INSERT INTO [ORDER] (orderId, customerId, orderDate, status) VALUES
(1, 1, '2023-11-11', 'Pending'),
(2, 2, '2023-06-12', 'Shipping'),
(3, 3, '2023-12-18', 'Shipped'),
(4, 4, '2023-03-20', 'Shipping'),
(5, 5, '2023-10-30', 'Shipping'),
(6, 6, '2023-05-18', 'Shipped'),
(7, 7, '2023-11-30', 'Pending'),
(8, 8, '2023-02-08', 'Shipped'),
(9, 9, '2023-12-03', 'Shipped'),
(10, 10, '2023-10-09', 'Shipped');

INSERT INTO OrderItem (orderItemId, orderId, bookId, quantity, totalPrice) VALUES
(1, 1, 1, 5, 37),
(2, 2, 2, 5, 38),
(3, 3, 3, 5, 60),
(4, 4, 4, 4, 85),
(5, 5, 5, 2, 65),
(6, 6, 6, 2, 65),
(7, 7, 7, 2, 66),
(8, 8, 8, 1, 81),
(9, 9, 9, 4, 36),
(10, 10, 10, 3, 91);

INSERT INTO Review (reviewId, bookGroupId, customerId, rating, comment, reviewDate) VALUES
(1, 2, 1, 3, 'Not my favorite, but still good.', '2023-07-24'),
(2, 3, 2, 5, 'Couldn’t put it down.', '2024-01-28'),
(3, 7, 1, 1, 'Couldn’t put it down.', '2023-07-21'),
(4, 4, 9, 5, 'A must-read!', '2024-01-13'),
(5, 4, 9, 4, 'Not my favorite, but still good.', '2023-11-16'),
(6, 10, 5, 1, 'Thought-provoking and emotional.', '2024-03-23'),
(7, 7, 6, 3, 'Thought-provoking and emotional.', '2023-07-20'),
(8, 6, 2, 1, 'Enjoyed every page!', '2023-05-20'),
(9, 6, 6, 5, 'Well-written and engaging.', '2023-04-23'),
(10, 8, 9, 1, 'Enjoyed every page!', '2023-05-11'),
(11, 9, 5, 5, 'Overhyped in my opinion.', '2024-01-21'),
(12, 4, 2, 1, 'Not my favorite, but still good.', '2023-08-27'),
(13, 2, 4, 1, 'Enjoyed every page!', '2023-08-21'),
(14, 8, 6, 2, 'Overhyped in my opinion.', '2023-09-29'),
(15, 4, 5, 1, 'Characters were well developed.', '2024-02-20'),
(16, 3, 9, 2, 'Thought-provoking and emotional.', '2023-11-23'),
(17, 7, 5, 5, 'Not my favorite, but still good.', '2024-03-16'),
(18, 6, 1, 2, 'A must-read!', '2023-09-09'),
(19, 7, 5, 1, 'Not my favorite, but still good.', '2024-01-16'),
(20, 6, 4, 4, 'Enjoyed every page!', '2024-02-24'),
(21, 8, 3, 3, 'Thought-provoking and emotional.', '2023-08-05'),
(22, 9, 9, 3, 'Characters were well developed.', '2023-11-06'),
(23, 10, 7, 3, 'Not my favorite, but still good.', '2023-06-10'),
(24, 9, 8, 1, 'A must-read!', '2023-05-27'),
(25, 3, 3, 4, 'Characters were well developed.', '2023-05-03'),
(26, 7, 7, 5, 'A slow start, but great ending.', '2023-12-27'),
(27, 5, 9, 1, 'Couldn’t put it down.', '2024-03-15'),
(28, 9, 5, 3, 'Couldn’t put it down.', '2023-08-29'),
(29, 7, 3, 4, 'A must-read!', '2023-08-13'),
(30, 9, 3, 5, 'Couldn’t put it down.', '2024-02-15'),
(31, 5, 9, 5, 'Not my favorite, but still good.', '2023-06-18'),
(32, 6, 3, 5, 'Highly recommend to fans of the genre.', '2023-04-01'),
(33, 10, 6, 4, 'A must-read!', '2023-05-28'),
(34, 6, 5, 2, 'A must-read!', '2023-08-02'),
(35, 10, 2, 1, 'A slow start, but great ending.', '2023-05-06'),
(36, 9, 3, 2, 'A slow start, but great ending.', '2024-01-07'),
(37, 3, 5, 5, 'Characters were well developed.', '2023-11-03'),
(38, 4, 9, 2, 'Well-written and engaging.', '2023-10-22'),
(39, 6, 8, 5, 'A slow start, but great ending.', '2023-06-01'),
(40, 4, 4, 1, 'Overhyped in my opinion.', '2023-04-11'),
(41, 10, 9, 2, 'Characters were well developed.', '2023-07-22'),
(42, 1, 2, 1, 'Not my favorite, but still good.', '2023-05-05'),
(43, 1, 6, 1, 'Highly recommend to fans of the genre.', '2023-07-31'),
(44, 5, 8, 2, 'Highly recommend to fans of the genre.', '2023-06-07'),
(45, 10, 10, 4, 'Not my favorite, but still good.', '2023-11-29'),
(46, 7, 4, 1, 'Couldn’t put it down.', '2024-03-03'),
(47, 7, 6, 4, 'Enjoyed every page!', '2023-11-26'),
(48, 1, 2, 1, 'Enjoyed every page!', '2023-09-21'),
(49, 2, 4, 2, 'Not my favorite, but still good.', '2023-12-31'),
(50, 8, 3, 4, 'Thought-provoking and emotional.', '2023-08-21'),
(51, 8, 4, 1, 'A slow start, but great ending.', '2024-01-07'),
(52, 2, 1, 5, 'A must-read!', '2023-05-18'),
(53, 4, 3, 4, 'A slow start, but great ending.', '2023-12-03'),
(54, 4, 7, 1, 'Thought-provoking and emotional.', '2023-10-12'),
(55, 1, 7, 3, 'A slow start, but great ending.', '2023-08-25'),
(56, 7, 9, 4, 'Thought-provoking and emotional.', '2023-07-07'),
(57, 5, 4, 1, 'Characters were well developed.', '2024-01-03'),
(58, 1, 6, 1, 'A must-read!', '2024-01-25'),
(59, 8, 9, 5, 'Thought-provoking and emotional.', '2023-04-30'),
(60, 9, 2, 2, 'Couldn’t put it down.', '2024-01-30'),
(61, 2, 4, 4, 'Couldn’t put it down.', '2024-01-17'),
(62, 4, 10, 5, 'A must-read!', '2024-02-12'),
(63, 2, 7, 5, 'Characters were well developed.', '2023-12-24'),
(64, 6, 5, 2, 'Overhyped in my opinion.', '2023-08-01'),
(65, 5, 7, 2, 'Well-written and engaging.', '2023-11-21'),
(66, 6, 2, 1, 'A slow start, but great ending.', '2024-02-13'),
(67, 10, 2, 1, 'Highly recommend to fans of the genre.', '2023-07-19'),
(68, 9, 5, 2, 'Overhyped in my opinion.', '2023-05-06'),
(69, 4, 6, 3, 'Thought-provoking and emotional.', '2023-11-11'),
(70, 9, 5, 5, 'Highly recommend to fans of the genre.', '2023-04-05'),
(71, 9, 5, 1, 'Thought-provoking and emotional.', '2023-08-14'),
(72, 2, 2, 5, 'Thought-provoking and emotional.', '2023-08-18'),
(73, 5, 10, 2, 'Overhyped in my opinion.', '2023-07-14'),
(74, 5, 9, 4, 'Well-written and engaging.', '2023-04-27'),
(75, 2, 7, 3, 'A must-read!', '2023-04-02'),
(76, 6, 3, 3, 'Thought-provoking and emotional.', '2023-11-13'),
(77, 9, 7, 5, 'A must-read!', '2023-05-28'),
(78, 2, 3, 5, 'A must-read!', '2023-10-07'),
(79, 10, 9, 2, 'Enjoyed every page!', '2023-06-05'),
(80, 1, 5, 3, 'A must-read!', '2023-10-01'),
(81, 4, 4, 1, 'Overhyped in my opinion.', '2024-01-12'),
(82, 7, 10, 2, 'Not my favorite, but still good.', '2023-06-23'),
(83, 3, 7, 1, 'Thought-provoking and emotional.', '2023-09-18'),
(84, 7, 4, 3, 'Thought-provoking and emotional.', '2024-03-25'),
(85, 2, 7, 1, 'A slow start, but great ending.', '2023-07-23'),
(86, 4, 8, 3, 'Well-written and engaging.', '2023-07-26'),
(87, 4, 1, 2, 'Enjoyed every page!', '2023-09-16'),
(88, 5, 2, 3, 'Overhyped in my opinion.', '2024-02-23'),
(89, 9, 7, 5, 'Overhyped in my opinion.', '2023-04-15'),
(90, 2, 5, 2, 'Characters were well developed.', '2023-08-14'),
(91, 1, 2, 5, 'Enjoyed every page!', '2023-09-24'),
(92, 6, 7, 5, 'Highly recommend to fans of the genre.', '2023-05-30'),
(93, 7, 10, 2, 'Well-written and engaging.', '2023-04-23'),
(94, 7, 1, 5, 'Highly recommend to fans of the genre.', '2024-03-17'),
(95, 4, 6, 4, 'Couldn’t put it down.', '2024-03-06'),
(96, 6, 10, 3, 'Couldn’t put it down.', '2023-09-01'),
(97, 9, 5, 4, 'Overhyped in my opinion.', '2023-10-24'),
(98, 5, 9, 2, 'Not my favorite, but still good.', '2023-11-02'),
(99, 7, 3, 5, 'Characters were well developed.', '2023-09-02'),
(100, 7, 9, 1, 'Well-written and engaging.', '2023-08-25'),
(101, 4, 7, 5, 'Characters were well developed.', '2024-03-01'),
(102, 6, 8, 4, 'A slow start, but great ending.', '2024-03-11'),
(103, 4, 9, 4, 'Thought-provoking and emotional.', '2024-03-03'),
(104, 2, 5, 5, 'Characters were well developed.', '2023-09-19'),
(105, 2, 4, 3, 'Not my favorite, but still good.', '2023-07-11'),
(106, 3, 1, 1, 'Not my favorite, but still good.', '2023-11-30'),
(107, 10, 2, 4, 'Enjoyed every page!', '2024-02-17'),
(108, 10, 4, 4, 'A slow start, but great ending.', '2023-10-22'),
(109, 4, 3, 1, 'Couldn’t put it down.', '2023-11-04'),
(110, 4, 3, 5, 'A slow start, but great ending.', '2023-04-26'),
(111, 9, 4, 1, 'A slow start, but great ending.', '2023-06-08'),
(112, 8, 9, 5, 'Characters were well developed.', '2023-09-10'),
(113, 8, 10, 5, 'Enjoyed every page!', '2024-01-06'),
(114, 8, 3, 4, 'A slow start, but great ending.', '2023-08-11'),
(115, 4, 5, 5, 'A slow start, but great ending.', '2024-02-15'),
(116, 4, 5, 4, 'Couldn’t put it down.', '2024-03-31'),
(117, 5, 4, 3, 'Overhyped in my opinion.', '2023-09-11'),
(118, 9, 2, 2, 'Thought-provoking and emotional.', '2023-07-28'),
(119, 7, 3, 2, 'Couldn’t put it down.', '2023-10-30'),
(120, 7, 6, 5, 'A slow start, but great ending.', '2023-10-30'),
(121, 1, 4, 4, 'Enjoyed every page!', '2024-01-25'),
(122, 1, 10, 4, 'A slow start, but great ending.', '2023-04-04'),
(123, 6, 5, 4, 'Enjoyed every page!', '2024-01-01'),
(124, 9, 10, 2, 'A slow start, but great ending.', '2023-07-22'),
(125, 5, 7, 4, 'A must-read!', '2023-10-17'),
(126, 6, 7, 2, 'A slow start, but great ending.', '2023-06-05'),
(127, 10, 9, 1, 'Enjoyed every page!', '2024-01-29'),
(128, 10, 1, 1, 'Enjoyed every page!', '2023-06-09'),
(129, 8, 3, 1, 'Well-written and engaging.', '2023-10-12'),
(130, 6, 4, 4, 'Overhyped in my opinion.', '2023-09-20'),
(131, 7, 5, 4, 'Well-written and engaging.', '2023-05-12'),
(132, 8, 1, 5, 'A must-read!', '2023-09-27'),
(133, 4, 2, 1, 'A must-read!', '2023-08-05'),
(134, 4, 1, 5, 'Thought-provoking and emotional.', '2023-08-01'),
(135, 3, 8, 1, 'Characters were well developed.', '2023-07-21'),
(136, 8, 5, 3, 'Thought-provoking and emotional.', '2024-02-05'),
(137, 10, 2, 2, 'Well-written and engaging.', '2023-05-26'),
(138, 10, 1, 3, 'Characters were well developed.', '2024-03-12'),
(139, 7, 7, 2, 'Couldn’t put it down.', '2024-01-29'),
(140, 4, 2, 3, 'Characters were well developed.', '2023-06-01'),
(141, 10, 1, 3, 'Highly recommend to fans of the genre.', '2023-11-06'),
(142, 6, 2, 5, 'Overhyped in my opinion.', '2023-04-07'),
(143, 7, 8, 1, 'Enjoyed every page!', '2023-10-03'),
(144, 8, 3, 4, 'Thought-provoking and emotional.', '2023-12-24'),
(145, 5, 10, 5, 'A slow start, but great ending.', '2023-11-25'),
(146, 7, 10, 3, 'Overhyped in my opinion.', '2023-08-04'),
(147, 2, 5, 4, 'Not my favorite, but still good.', '2023-11-24'),
(148, 10, 10, 4, 'Overhyped in my opinion.', '2023-04-15'),
(149, 8, 6, 2, 'A slow start, but great ending.', '2023-07-18'),
(150, 6, 5, 3, 'Well-written and engaging.', '2024-01-31'),
(151, 5, 9, 1, 'Highly recommend to fans of the genre.', '2023-07-07'),
(152, 2, 4, 4, 'A slow start, but great ending.', '2024-01-10'),
(153, 4, 8, 4, 'A slow start, but great ending.', '2023-04-09'),
(154, 2, 5, 2, 'Enjoyed every page!', '2024-03-20'),
(155, 4, 5, 5, 'Overhyped in my opinion.', '2023-11-29'),
(156, 9, 9, 3, 'Enjoyed every page!', '2024-01-07'),
(157, 6, 6, 4, 'Well-written and engaging.', '2023-09-04'),
(158, 5, 4, 1, 'Not my favorite, but still good.', '2023-09-09'),
(159, 2, 9, 2, 'Not my favorite, but still good.', '2023-07-20'),
(160, 8, 5, 5, 'Highly recommend to fans of the genre.', '2024-01-31'),
(161, 5, 2, 2, 'Well-written and engaging.', '2023-07-26'),
(162, 6, 3, 3, 'A must-read!', '2024-03-28'),
(163, 9, 3, 3, 'A must-read!', '2023-04-28'),
(164, 9, 5, 2, 'A slow start, but great ending.', '2023-05-23'),
(165, 1, 10, 3, 'A slow start, but great ending.', '2023-12-02'),
(166, 8, 6, 2, 'A must-read!', '2023-08-08'),
(167, 8, 2, 1, 'Enjoyed every page!', '2023-12-08'),
(168, 2, 10, 1, 'Thought-provoking and emotional.', '2023-06-16'),
(169, 10, 5, 1, 'Not my favorite, but still good.', '2023-05-31'),
(170, 9, 7, 5, 'Characters were well developed.', '2024-02-11'),
(171, 4, 9, 4, 'A slow start, but great ending.', '2023-11-13'),
(172, 5, 10, 4, 'Well-written and engaging.', '2024-01-17'),
(173, 10, 1, 5, 'Couldn’t put it down.', '2023-07-16'),
(174, 4, 5, 1, 'Thought-provoking and emotional.', '2023-08-01'),
(175, 3, 9, 1, 'Thought-provoking and emotional.', '2023-04-02'),
(176, 7, 8, 5, 'A slow start, but great ending.', '2023-08-28'),
(177, 1, 4, 3, 'Well-written and engaging.', '2024-03-25'),
(178, 8, 2, 2, 'Well-written and engaging.', '2024-02-15'),
(179, 10, 4, 4, 'Couldn’t put it down.', '2024-01-04'),
(180, 4, 3, 3, 'Thought-provoking and emotional.', '2023-05-07'),
(181, 1, 3, 3, 'Characters were well developed.', '2024-01-17'),
(182, 5, 8, 1, 'A slow start, but great ending.', '2024-03-18'),
(183, 5, 7, 3, 'Highly recommend to fans of the genre.', '2024-01-02'),
(184, 8, 8, 1, 'Characters were well developed.', '2023-04-21'),
(185, 7, 6, 5, 'Well-written and engaging.', '2023-04-14'),
(186, 2, 4, 5, 'Characters were well developed.', '2023-04-11'),
(187, 5, 10, 1, 'Thought-provoking and emotional.', '2023-11-27'),
(188, 9, 8, 3, 'Thought-provoking and emotional.', '2024-01-25'),
(189, 7, 8, 1, 'A slow start, but great ending.', '2023-09-26'),
(190, 7, 6, 3, 'Couldn’t put it down.', '2023-06-22'),
(191, 6, 7, 4, 'Well-written and engaging.', '2024-03-05'),
(192, 7, 9, 1, 'A slow start, but great ending.', '2023-05-16'),
(193, 6, 5, 3, 'Couldn’t put it down.', '2023-10-24'),
(194, 9, 1, 5, 'A slow start, but great ending.', '2023-10-29'),
(195, 1, 4, 5, 'Overhyped in my opinion.', '2024-02-13'),
(196, 8, 8, 1, 'Not my favorite, but still good.', '2023-08-15'),
(197, 9, 3, 3, 'A slow start, but great ending.', '2024-03-23'),
(198, 8, 2, 1, 'Characters were well developed.', '2023-08-01'),
(199, 3, 5, 5, 'A must-read!', '2024-01-08'),
(200, 7, 2, 2, 'Couldn’t put it down.', '2023-11-23'),
(201, 2, 3, 4, 'Well-written and engaging.', '2023-12-17'),
(202, 5, 7, 4, 'A slow start, but great ending.', '2023-08-03'),
(203, 8, 9, 2, 'Enjoyed every page!', '2023-07-07'),
(204, 10, 9, 2, 'Couldn’t put it down.', '2023-08-20'),
(205, 7, 6, 5, 'Well-written and engaging.', '2023-04-02'),
(206, 5, 5, 5, 'Characters were well developed.', '2024-03-03'),
(207, 8, 3, 4, 'Highly recommend to fans of the genre.', '2023-12-04'),
(208, 6, 6, 5, 'Highly recommend to fans of the genre.', '2023-10-11'),
(209, 8, 6, 2, 'Not my favorite, but still good.', '2024-01-18'),
(210, 7, 4, 4, 'A must-read!', '2023-09-10'),
(211, 8, 7, 4, 'Thought-provoking and emotional.', '2023-12-10'),
(212, 1, 3, 5, 'Characters were well developed.', '2023-09-17'),
(213, 2, 8, 1, 'Highly recommend to fans of the genre.', '2023-11-20'),
(214, 1, 3, 4, 'Thought-provoking and emotional.', '2023-05-09'),
(215, 8, 5, 3, 'Characters were well developed.', '2024-03-20'),
(216, 7, 2, 3, 'Highly recommend to fans of the genre.', '2023-10-12'),
(217, 6, 8, 5, 'A must-read!', '2024-02-11'),
(218, 2, 4, 3, 'Not my favorite, but still good.', '2023-05-17'),
(219, 7, 2, 1, 'A slow start, but great ending.', '2023-06-25'),
(220, 5, 1, 1, 'Overhyped in my opinion.', '2023-04-29'),
(221, 5, 6, 3, 'Enjoyed every page!', '2023-06-14'),
(222, 4, 9, 4, 'Characters were well developed.', '2024-03-15'),
(223, 3, 3, 2, 'Couldn’t put it down.', '2024-02-07'),
(224, 7, 10, 2, 'A slow start, but great ending.', '2024-01-24'),
(225, 3, 4, 4, 'Well-written and engaging.', '2023-11-22'),
(226, 5, 1, 4, 'Well-written and engaging.', '2024-03-12'),
(227, 9, 3, 1, 'A slow start, but great ending.', '2023-09-24'),
(228, 10, 5, 4, 'Well-written and engaging.', '2023-11-20'),
(229, 5, 4, 4, 'A slow start, but great ending.', '2023-05-25'),
(230, 4, 7, 5, 'Overhyped in my opinion.', '2024-01-20'),
(231, 5, 5, 1, 'Enjoyed every page!', '2023-08-19'),
(232, 1, 10, 1, 'Characters were well developed.', '2023-12-11'),
(233, 5, 4, 5, 'Overhyped in my opinion.', '2023-07-22'),
(234, 4, 10, 3, 'Thought-provoking and emotional.', '2024-02-16'),
(235, 2, 1, 3, 'A slow start, but great ending.', '2023-04-18'),
(236, 10, 6, 2, 'Couldn’t put it down.', '2023-08-30'),
(237, 6, 7, 2, 'Not my favorite, but still good.', '2023-06-07'),
(238, 9, 6, 5, 'Highly recommend to fans of the genre.', '2023-08-18'),
(239, 3, 5, 4, 'Well-written and engaging.', '2023-09-21'),
(240, 2, 8, 1, 'Thought-provoking and emotional.', '2023-07-25'),
(241, 7, 9, 3, 'Couldn’t put it down.', '2023-10-20'),
(242, 1, 5, 5, 'Couldn’t put it down.', '2023-11-19'),
(243, 6, 5, 5, 'Enjoyed every page!', '2024-02-21'),
(244, 6, 2, 2, 'A slow start, but great ending.', '2023-04-13'),
(245, 10, 9, 3, 'Characters were well developed.', '2023-07-23'),
(246, 2, 8, 3, 'Enjoyed every page!', '2023-05-30'),
(247, 3, 1, 1, 'Well-written and engaging.', '2023-12-09'),
(248, 2, 2, 2, 'Highly recommend to fans of the genre.', '2023-06-09'),
(249, 7, 8, 3, 'Highly recommend to fans of the genre.', '2023-11-01'),
(250, 10, 3, 4, 'Couldn’t put it down.', '2023-12-07'),
(251, 10, 7, 3, 'A must-read!', '2024-03-19'),
(252, 6, 4, 4, 'A slow start, but great ending.', '2023-07-30'),
(253, 6, 2, 3, 'Highly recommend to fans of the genre.', '2024-02-25'),
(254, 6, 1, 4, 'Well-written and engaging.', '2023-07-07'),
(255, 2, 8, 1, 'Not my favorite, but still good.', '2024-02-23'),
(256, 10, 1, 1, 'Overhyped in my opinion.', '2023-08-03'),
(257, 3, 10, 2, 'Couldn’t put it down.', '2024-01-09'),
(258, 4, 10, 2, 'Not my favorite, but still good.', '2023-09-16'),
(259, 3, 10, 1, 'Well-written and engaging.', '2023-06-14'),
(260, 3, 9, 3, 'Thought-provoking and emotional.', '2023-05-27'),
(261, 1, 3, 1, 'Overhyped in my opinion.', '2023-07-31'),
(262, 10, 6, 1, 'Thought-provoking and emotional.', '2023-08-14'),
(263, 1, 3, 4, 'Highly recommend to fans of the genre.', '2023-05-29'),
(264, 2, 8, 4, 'Overhyped in my opinion.', '2023-12-19'),
(265, 10, 2, 4, 'Highly recommend to fans of the genre.', '2023-07-23'),
(266, 10, 1, 5, 'Well-written and engaging.', '2023-11-21'),
(267, 1, 1, 4, 'Enjoyed every page!', '2023-11-05'),
(268, 2, 8, 4, 'Couldn’t put it down.', '2023-05-12'),
(269, 6, 10, 2, 'Couldn’t put it down.', '2023-06-04'),
(270, 5, 10, 5, 'Highly recommend to fans of the genre.', '2024-03-30'),
(271, 6, 7, 5, 'Highly recommend to fans of the genre.', '2023-08-29'),
(272, 8, 9, 5, 'Enjoyed every page!', '2023-05-21'),
(273, 2, 9, 2, 'Enjoyed every page!', '2023-11-18'),
(274, 4, 7, 3, 'A slow start, but great ending.', '2023-10-22'),
(275, 7, 2, 3, 'Enjoyed every page!', '2023-09-08'),
(276, 5, 6, 2, 'A slow start, but great ending.', '2023-05-05'),
(277, 2, 2, 1, 'Enjoyed every page!', '2023-05-20'),
(278, 6, 3, 5, 'A must-read!', '2024-01-26'),
(279, 9, 9, 3, 'Couldn’t put it down.', '2023-10-28'),
(280, 6, 7, 1, 'Well-written and engaging.', '2024-02-02'),
(281, 5, 6, 1, 'Characters were well developed.', '2023-12-16'),
(282, 4, 3, 4, 'Not my favorite, but still good.', '2023-05-26'),
(283, 6, 9, 3, 'Couldn’t put it down.', '2023-08-21'),
(284, 10, 4, 4, 'Highly recommend to fans of the genre.', '2024-02-13'),
(285, 10, 9, 1, 'Characters were well developed.', '2024-03-02'),
(286, 5, 1, 2, 'Well-written and engaging.', '2024-03-25'),
(287, 5, 6, 3, 'A must-read!', '2023-07-02'),
(288, 3, 10, 4, 'Couldn’t put it down.', '2023-06-12'),
(289, 1, 2, 5, 'Not my favorite, but still good.', '2023-10-10'),
(290, 7, 8, 3, 'Thought-provoking and emotional.', '2023-10-07'),
(291, 5, 6, 5, 'Characters were well developed.', '2023-05-14'),
(292, 1, 3, 2, 'Characters were well developed.', '2023-04-26'),
(293, 2, 5, 4, 'Enjoyed every page!', '2023-12-05'),
(294, 10, 8, 4, 'Well-written and engaging.', '2023-07-20'),
(295, 9, 2, 3, 'Enjoyed every page!', '2023-05-27'),
(296, 5, 10, 4, 'Highly recommend to fans of the genre.', '2024-03-07'),
(297, 5, 1, 2, 'Enjoyed every page!', '2024-02-01'),
(298, 1, 1, 2, 'Well-written and engaging.', '2023-07-18'),
(299, 3, 5, 3, 'Overhyped in my opinion.', '2023-06-01'),
(300, 1, 8, 4, 'Thought-provoking and emotional.', '2023-06-06'),
(301, 7, 9, 2, 'Highly recommend to fans of the genre.', '2024-01-12'),
(302, 6, 2, 4, 'A must-read!', '2023-11-10'),
(303, 1, 8, 1, 'Overhyped in my opinion.', '2024-01-20'),
(304, 7, 10, 4, 'Enjoyed every page!', '2023-08-27'),
(305, 2, 7, 1, 'Overhyped in my opinion.', '2023-06-27'),
(306, 10, 8, 3, 'Couldn’t put it down.', '2023-11-10'),
(307, 2, 4, 4, 'Characters were well developed.', '2023-10-23'),
(308, 9, 2, 4, 'Well-written and engaging.', '2023-09-21'),
(309, 4, 6, 2, 'Couldn’t put it down.', '2023-12-18'),
(310, 2, 9, 5, 'Not my favorite, but still good.', '2023-09-26'),
(311, 6, 3, 2, 'Couldn’t put it down.', '2023-06-14'),
(312, 5, 4, 2, 'Characters were well developed.', '2023-06-18'),
(313, 2, 3, 4, 'A slow start, but great ending.', '2024-01-14'),
(314, 10, 8, 5, 'Characters were well developed.', '2023-09-13'),
(315, 6, 3, 4, 'Couldn’t put it down.', '2023-11-27'),
(316, 8, 5, 3, 'Characters were well developed.', '2023-04-29'),
(317, 6, 9, 1, 'Well-written and engaging.', '2023-11-23'),
(318, 8, 1, 1, 'Overhyped in my opinion.', '2023-08-25'),
(319, 2, 2, 5, 'Characters were well developed.', '2023-12-16'),
(320, 7, 8, 5, 'Highly recommend to fans of the genre.', '2023-04-22'),
(321, 8, 10, 2, 'Overhyped in my opinion.', '2024-02-04'),
(322, 8, 9, 2, 'A must-read!', '2023-11-17'),
(323, 2, 6, 1, 'Highly recommend to fans of the genre.', '2024-02-25'),
(324, 3, 1, 2, 'A slow start, but great ending.', '2023-11-11'),
(325, 9, 9, 5, 'Thought-provoking and emotional.', '2023-10-04'),
(326, 6, 5, 4, 'Enjoyed every page!', '2023-09-21'),
(327, 10, 1, 3, 'Couldn’t put it down.', '2023-09-16'),
(328, 2, 9, 4, 'Well-written and engaging.', '2023-08-08'),
(329, 10, 3, 3, 'Couldn’t put it down.', '2024-01-24'),
(330, 3, 6, 3, 'Enjoyed every page!', '2023-06-06'),
(331, 10, 2, 3, 'Highly recommend to fans of the genre.', '2023-10-10'),
(332, 6, 3, 5, 'Couldn’t put it down.', '2024-02-25'),
(333, 7, 9, 3, 'A must-read!', '2023-10-03'),
(334, 5, 3, 2, 'Overhyped in my opinion.', '2023-12-05'),
(335, 4, 4, 2, 'Thought-provoking and emotional.', '2023-05-10'),
(336, 5, 2, 5, 'Highly recommend to fans of the genre.', '2023-12-26'),
(337, 1, 6, 5, 'Thought-provoking and emotional.', '2024-01-31'),
(338, 7, 3, 2, 'Thought-provoking and emotional.', '2024-03-20'),
(339, 10, 3, 4, 'A must-read!', '2023-10-28'),
(340, 6, 4, 4, 'Characters were well developed.', '2023-08-24'),
(341, 8, 4, 5, 'Not my favorite, but still good.', '2023-09-06'),
(342, 8, 4, 3, 'Characters were well developed.', '2023-11-12'),
(343, 8, 5, 4, 'Highly recommend to fans of the genre.', '2023-12-27'),
(344, 7, 3, 2, 'Characters were well developed.', '2023-06-10'),
(345, 5, 1, 4, 'Overhyped in my opinion.', '2024-01-09'),
(346, 2, 9, 1, 'Well-written and engaging.', '2023-05-13'),
(347, 3, 5, 4, 'Highly recommend to fans of the genre.', '2023-06-15'),
(348, 7, 2, 2, 'A slow start, but great ending.', '2023-09-26'),
(349, 1, 7, 1, 'Enjoyed every page!', '2023-12-14'),
(350, 6, 4, 4, 'Couldn’t put it down.', '2023-10-09'),
(351, 4, 1, 3, 'Couldn’t put it down.', '2024-03-31'),
(352, 6, 3, 2, 'A must-read!', '2023-08-25'),
(353, 8, 3, 4, 'A slow start, but great ending.', '2024-02-10'),
(354, 1, 2, 1, 'Well-written and engaging.', '2023-07-20'),
(355, 3, 9, 5, 'Highly recommend to fans of the genre.', '2023-11-03'),
(356, 2, 5, 2, 'Well-written and engaging.', '2023-06-02'),
(357, 1, 4, 4, 'Characters were well developed.', '2023-11-21'),
(358, 2, 2, 4, 'Characters were well developed.', '2023-12-31'),
(359, 1, 9, 5, 'Not my favorite, but still good.', '2023-06-13'),
(360, 5, 7, 1, 'Characters were well developed.', '2023-09-28'),
(361, 4, 10, 4, 'Thought-provoking and emotional.', '2024-03-06'),
(362, 2, 9, 3, 'Couldn’t put it down.', '2023-12-26'),
(363, 9, 9, 5, 'Highly recommend to fans of the genre.', '2023-04-11'),
(364, 7, 8, 1, 'Enjoyed every page!', '2023-10-09'),
(365, 5, 1, 3, 'Couldn’t put it down.', '2023-09-24'),
(366, 4, 2, 5, 'Overhyped in my opinion.', '2023-06-08'),
(367, 1, 6, 5, 'Overhyped in my opinion.', '2024-02-24'),
(368, 3, 8, 4, 'Thought-provoking and emotional.', '2023-06-09'),
(369, 2, 8, 1, 'Well-written and engaging.', '2023-07-13'),
(370, 1, 4, 1, 'Overhyped in my opinion.', '2023-09-06'),
(371, 9, 7, 5, 'A slow start, but great ending.', '2023-08-08'),
(372, 1, 4, 3, 'Overhyped in my opinion.', '2023-04-25'),
(373, 6, 5, 1, 'Overhyped in my opinion.', '2023-11-10'),
(374, 7, 8, 4, 'Overhyped in my opinion.', '2023-07-05'),
(375, 8, 8, 3, 'Highly recommend to fans of the genre.', '2023-08-15'),
(376, 2, 7, 1, 'Enjoyed every page!', '2024-02-03'),
(377, 3, 9, 3, 'Overhyped in my opinion.', '2023-05-23'),
(378, 2, 6, 3, 'Well-written and engaging.', '2023-11-15'),
(379, 10, 7, 2, 'A slow start, but great ending.', '2023-09-27'),
(380, 8, 1, 3, 'Characters were well developed.', '2023-11-09'),
(381, 5, 1, 1, 'Enjoyed every page!', '2023-10-04'),
(382, 9, 3, 1, 'Thought-provoking and emotional.', '2024-02-06'),
(383, 8, 1, 2, 'Couldn’t put it down.', '2023-07-30'),
(384, 6, 6, 4, 'Characters were well developed.', '2023-04-17'),
(385, 10, 3, 4, 'Overhyped in my opinion.', '2023-10-08'),
(386, 8, 2, 5, 'Thought-provoking and emotional.', '2023-12-28'),
(387, 6, 7, 3, 'Well-written and engaging.', '2023-08-06'),
(388, 2, 1, 2, 'A slow start, but great ending.', '2023-12-22'),
(389, 7, 9, 1, 'Well-written and engaging.', '2023-08-12'),
(390, 8, 4, 5, 'Well-written and engaging.', '2024-03-21'),
(391, 8, 4, 1, 'Thought-provoking and emotional.', '2023-05-08'),
(392, 8, 3, 4, 'Couldn’t put it down.', '2024-03-15'),
(393, 6, 6, 1, 'Highly recommend to fans of the genre.', '2024-01-03'),
(394, 5, 5, 2, 'Thought-provoking and emotional.', '2023-10-03'),
(395, 9, 4, 1, 'Not my favorite, but still good.', '2023-06-11'),
(396, 4, 8, 1, 'Overhyped in my opinion.', '2024-01-09'),
(397, 10, 6, 4, 'Highly recommend to fans of the genre.', '2023-06-06'),
(398, 10, 2, 1, 'Well-written and engaging.', '2023-10-21'),
(399, 8, 9, 4, 'Enjoyed every page!', '2024-01-20'),
(400, 2, 3, 3, 'Couldn’t put it down.', '2023-11-17'),
(401, 8, 9, 3, 'Thought-provoking and emotional.', '2024-01-08'),
(402, 10, 3, 2, 'Enjoyed every page!', '2023-12-14'),
(403, 1, 2, 5, 'Thought-provoking and emotional.', '2023-09-03'),
(404, 3, 3, 3, 'Not my favorite, but still good.', '2023-09-25'),
(405, 9, 5, 1, 'Well-written and engaging.', '2023-07-10'),
(406, 9, 5, 2, 'Well-written and engaging.', '2024-02-09'),
(407, 9, 2, 5, 'Thought-provoking and emotional.', '2024-01-29'),
(408, 10, 3, 2, 'Characters were well developed.', '2024-02-04'),
(409, 6, 10, 1, 'A must-read!', '2023-05-12'),
(410, 1, 10, 3, 'Not my favorite, but still good.', '2024-01-18'),
(411, 7, 10, 1, 'A slow start, but great ending.', '2024-02-16'),
(412, 9, 5, 3, 'A slow start, but great ending.', '2023-08-04'),
(413, 7, 5, 4, 'Couldn’t put it down.', '2024-03-18'),
(414, 1, 3, 4, 'Enjoyed every page!', '2023-12-04'),
(415, 8, 4, 3, 'Characters were well developed.', '2023-06-13'),
(416, 6, 6, 3, 'Enjoyed every page!', '2023-06-06'),
(417, 6, 9, 5, 'Couldn’t put it down.', '2023-09-11'),
(418, 4, 8, 1, 'Well-written and engaging.', '2023-11-17'),
(419, 4, 3, 1, 'A must-read!', '2023-08-27'),
(420, 7, 10, 4, 'Not my favorite, but still good.', '2023-06-21'),
(421, 6, 10, 3, 'Not my favorite, but still good.', '2023-06-21'),
(422, 8, 9, 4, 'A slow start, but great ending.', '2023-09-05'),
(423, 8, 1, 1, 'Enjoyed every page!', '2023-12-15'),
(424, 8, 4, 2, 'Characters were well developed.', '2023-09-28'),
(425, 1, 1, 3, 'A slow start, but great ending.', '2024-01-31'),
(426, 8, 5, 5, 'A must-read!', '2023-05-26'),
(427, 7, 3, 3, 'Overhyped in my opinion.', '2023-10-24'),
(428, 6, 1, 4, 'A must-read!', '2024-01-17'),
(429, 9, 4, 3, 'Highly recommend to fans of the genre.', '2023-08-26'),
(430, 2, 7, 5, 'A slow start, but great ending.', '2024-01-07'),
(431, 5, 10, 5, 'Couldn’t put it down.', '2023-06-05'),
(432, 2, 7, 3, 'Overhyped in my opinion.', '2024-01-11'),
(433, 6, 3, 2, 'Characters were well developed.', '2023-12-17'),
(434, 7, 9, 1, 'A must-read!', '2023-04-20'),
(435, 3, 6, 4, 'Highly recommend to fans of the genre.', '2023-11-20'),
(436, 3, 10, 5, 'Thought-provoking and emotional.', '2023-09-15'),
(437, 10, 6, 2, 'Enjoyed every page!', '2024-02-10'),
(438, 5, 10, 3, 'Highly recommend to fans of the genre.', '2023-12-17'),
(439, 9, 8, 5, 'Well-written and engaging.', '2023-11-30'),
(440, 1, 6, 3, 'Couldn’t put it down.', '2023-10-31'),
(441, 10, 5, 1, 'Characters were well developed.', '2023-11-29'),
(442, 5, 10, 5, 'Not my favorite, but still good.', '2023-04-27'),
(443, 10, 8, 2, 'Highly recommend to fans of the genre.', '2024-02-17'),
(444, 10, 7, 2, 'Not my favorite, but still good.', '2023-04-17'),
(445, 10, 2, 2, 'A must-read!', '2023-11-12'),
(446, 6, 7, 2, 'Enjoyed every page!', '2024-03-19'),
(447, 4, 7, 5, 'Characters were well developed.', '2023-11-28'),
(448, 1, 3, 5, 'Not my favorite, but still good.', '2024-01-13'),
(449, 6, 8, 5, 'Enjoyed every page!', '2023-09-08'),
(450, 3, 8, 5, 'Overhyped in my opinion.', '2024-01-05'),
(451, 6, 5, 5, 'A slow start, but great ending.', '2023-07-08'),
(452, 4, 5, 5, 'Well-written and engaging.', '2023-07-25'),
(453, 5, 5, 2, 'A slow start, but great ending.', '2023-09-10'),
(454, 8, 6, 5, 'Well-written and engaging.', '2023-08-26'),
(455, 2, 10, 5, 'Enjoyed every page!', '2023-10-20'),
(456, 6, 3, 3, 'A must-read!', '2023-08-26'),
(457, 2, 6, 4, 'Well-written and engaging.', '2023-12-02'),
(458, 4, 4, 5, 'Well-written and engaging.', '2024-01-13'),
(459, 5, 3, 1, 'Characters were well developed.', '2024-01-26'),
(460, 4, 4, 1, 'Highly recommend to fans of the genre.', '2023-07-25'),
(461, 4, 1, 1, 'Enjoyed every page!', '2023-09-17'),
(462, 8, 2, 2, 'A must-read!', '2024-01-07'),
(463, 3, 7, 4, 'A slow start, but great ending.', '2024-02-28'),
(464, 4, 5, 3, 'Well-written and engaging.', '2024-02-25'),
(465, 1, 2, 5, 'Not my favorite, but still good.', '2023-12-30'),
(466, 1, 3, 4, 'Thought-provoking and emotional.', '2023-04-19'),
(467, 7, 8, 2, 'Well-written and engaging.', '2023-04-20'),
(468, 1, 5, 5, 'Characters were well developed.', '2023-05-25'),
(469, 6, 5, 4, 'Highly recommend to fans of the genre.', '2023-12-25'),
(470, 8, 3, 5, 'A slow start, but great ending.', '2023-08-18'),
(471, 4, 2, 3, 'Thought-provoking and emotional.', '2023-11-21'),
(472, 5, 3, 1, 'Overhyped in my opinion.', '2023-08-30'),
(473, 10, 4, 2, 'Characters were well developed.', '2024-02-22'),
(474, 7, 7, 5, 'Overhyped in my opinion.', '2023-05-15'),
(475, 7, 2, 2, 'Thought-provoking and emotional.', '2023-12-01'),
(476, 6, 4, 1, 'Well-written and engaging.', '2023-10-14'),
(477, 4, 8, 3, 'Overhyped in my opinion.', '2023-09-02'),
(478, 10, 10, 1, 'Well-written and engaging.', '2024-02-29'),
(479, 6, 4, 1, 'Couldn’t put it down.', '2023-11-25'),
(480, 5, 3, 4, 'Highly recommend to fans of the genre.', '2024-03-26'),
(481, 5, 2, 3, 'Overhyped in my opinion.', '2024-02-09'),
(482, 4, 4, 2, 'A slow start, but great ending.', '2023-06-18'),
(483, 8, 10, 3, 'Enjoyed every page!', '2024-03-25'),
(484, 9, 8, 5, 'Not my favorite, but still good.', '2023-08-05'),
(485, 10, 2, 5, 'A slow start, but great ending.', '2023-12-27'),
(486, 6, 2, 5, 'Couldn’t put it down.', '2023-05-02'),
(487, 9, 9, 2, 'Characters were well developed.', '2023-12-31'),
(488, 3, 3, 3, 'Highly recommend to fans of the genre.', '2023-11-13'),
(489, 2, 4, 5, 'A slow start, but great ending.', '2023-05-17'),
(490, 9, 8, 1, 'A slow start, but great ending.', '2023-06-07'),
(491, 9, 7, 4, 'Characters were well developed.', '2023-04-30'),
(492, 9, 8, 3, 'A must-read!', '2023-10-20'),
(493, 5, 1, 2, 'Characters were well developed.', '2023-05-08'),
(494, 1, 7, 3, 'Couldn’t put it down.', '2024-01-03'),
(495, 1, 2, 4, 'A must-read!', '2023-08-25'),
(496, 7, 3, 2, 'Enjoyed every page!', '2023-10-09'),
(497, 7, 8, 4, 'Enjoyed every page!', '2023-05-12'),
(498, 9, 3, 3, 'Couldn’t put it down.', '2023-07-01'),
(499, 9, 7, 5, 'Thought-provoking and emotional.', '2023-07-24'),
(500, 1, 1, 3, 'A slow start, but great ending.', '2024-03-10'),
(501, 9, 7, 5, 'Enjoyed every page!', '2023-07-27'),
(502, 4, 8, 3, 'Thought-provoking and emotional.', '2023-08-20'),
(503, 4, 2, 1, 'Enjoyed every page!', '2024-02-09'),
(504, 1, 4, 2, 'Couldn’t put it down.', '2023-05-22'),
(505, 10, 1, 4, 'Characters were well developed.', '2024-03-10'),
(506, 1, 4, 1, 'Enjoyed every page!', '2023-11-11'),
(507, 4, 9, 2, 'A must-read!', '2023-06-11'),
(508, 9, 5, 2, 'Characters were well developed.', '2023-09-11'),
(509, 10, 10, 3, 'Not my favorite, but still good.', '2023-09-02'),
(510, 3, 9, 2, 'Enjoyed every page!', '2023-09-01'),
(511, 5, 1, 5, 'Characters were well developed.', '2023-06-29'),
(512, 7, 9, 4, 'A must-read!', '2023-09-24'),
(513, 7, 9, 3, 'Enjoyed every page!', '2023-10-27'),
(514, 3, 5, 4, 'Thought-provoking and emotional.', '2024-01-01'),
(515, 8, 4, 2, 'Well-written and engaging.', '2024-03-28'),
(516, 3, 8, 1, 'Highly recommend to fans of the genre.', '2023-10-29'),
(517, 7, 9, 5, 'Thought-provoking and emotional.', '2023-10-16'),
(518, 4, 5, 2, 'Overhyped in my opinion.', '2024-02-26'),
(519, 2, 8, 3, 'Couldn’t put it down.', '2023-12-31'),
(520, 4, 1, 3, 'Enjoyed every page!', '2024-03-10'),
(521, 10, 10, 1, 'Couldn’t put it down.', '2023-07-06'),
(522, 10, 9, 2, 'A slow start, but great ending.', '2023-07-16'),
(523, 6, 5, 1, 'Not my favorite, but still good.', '2023-07-07'),
(524, 2, 8, 2, 'Characters were well developed.', '2024-03-26'),
(525, 4, 7, 2, 'Highly recommend to fans of the genre.', '2023-09-12'),
(526, 5, 7, 4, 'Highly recommend to fans of the genre.', '2024-02-27'),
(527, 6, 5, 3, 'Overhyped in my opinion.', '2023-12-19'),
(528, 8, 8, 1, 'A slow start, but great ending.', '2023-09-11'),
(529, 4, 6, 3, 'Enjoyed every page!', '2023-04-24'),
(530, 10, 4, 2, 'A must-read!', '2023-08-12'),
(531, 9, 10, 5, 'Enjoyed every page!', '2023-08-30'),
(532, 3, 4, 3, 'Not my favorite, but still good.', '2023-10-12'),
(533, 10, 4, 4, 'Highly recommend to fans of the genre.', '2024-03-01'),
(534, 6, 5, 4, 'A slow start, but great ending.', '2023-11-22'),
(535, 3, 6, 2, 'Thought-provoking and emotional.', '2024-01-05'),
(536, 8, 3, 5, 'A must-read!', '2023-12-25'),
(537, 1, 2, 1, 'A must-read!', '2023-10-29'),
(538, 3, 4, 1, 'Thought-provoking and emotional.', '2023-04-05'),
(539, 4, 9, 4, 'Overhyped in my opinion.', '2023-05-01'),
(540, 10, 10, 4, 'A slow start, but great ending.', '2023-04-09'),
(541, 1, 9, 5, 'Enjoyed every page!', '2023-04-07'),
(542, 1, 9, 3, 'Highly recommend to fans of the genre.', '2023-08-25'),
(543, 1, 9, 4, 'Thought-provoking and emotional.', '2023-05-25'),
(544, 2, 9, 2, 'Not my favorite, but still good.', '2023-07-08'),
(545, 10, 9, 3, 'Overhyped in my opinion.', '2023-08-15'),
(546, 7, 2, 3, 'Enjoyed every page!', '2023-11-22'),
(547, 10, 4, 2, 'Well-written and engaging.', '2024-03-16'),
(548, 2, 1, 1, 'Enjoyed every page!', '2023-10-12'),
(549, 7, 9, 4, 'A must-read!', '2024-02-21'),
(550, 1, 3, 1, 'A slow start, but great ending.', '2023-11-09'),
(551, 6, 10, 1, 'Highly recommend to fans of the genre.', '2023-04-22'),
(552, 4, 4, 5, 'A slow start, but great ending.', '2023-08-17'),
(553, 1, 2, 3, 'Highly recommend to fans of the genre.', '2024-01-14'),
(554, 1, 3, 3, 'A must-read!', '2023-07-16'),
(555, 10, 3, 4, 'Couldn’t put it down.', '2023-09-01'),
(556, 3, 10, 2, 'Characters were well developed.', '2023-10-17'),
(557, 9, 6, 4, 'Thought-provoking and emotional.', '2024-03-18'),
(558, 2, 9, 3, 'A must-read!', '2023-05-21'),
(559, 7, 4, 1, 'Overhyped in my opinion.', '2024-02-04'),
(560, 10, 10, 4, 'Overhyped in my opinion.', '2023-04-16'),
(561, 5, 8, 4, 'Not my favorite, but still good.', '2023-09-30'),
(562, 9, 7, 4, 'Thought-provoking and emotional.', '2024-03-14'),
(563, 10, 7, 1, 'Characters were well developed.', '2023-08-30'),
(564, 4, 2, 1, 'Well-written and engaging.', '2023-06-18'),
(565, 7, 3, 4, 'Overhyped in my opinion.', '2023-10-02'),
(566, 2, 2, 1, 'Well-written and engaging.', '2023-11-14'),
(567, 6, 5, 1, 'Thought-provoking and emotional.', '2023-05-15'),
(568, 3, 7, 4, 'Highly recommend to fans of the genre.', '2024-01-10'),
(569, 9, 7, 1, 'A must-read!', '2023-05-16'),
(570, 6, 9, 1, 'Characters were well developed.', '2024-02-01'),
(571, 6, 7, 1, 'Well-written and engaging.', '2023-10-29'),
(572, 7, 2, 5, 'Not my favorite, but still good.', '2024-01-18'),
(573, 9, 3, 4, 'Thought-provoking and emotional.', '2023-06-11'),
(574, 5, 5, 3, 'A slow start, but great ending.', '2023-06-14'),
(575, 2, 3, 4, 'Well-written and engaging.', '2023-11-02'),
(576, 5, 8, 1, 'Overhyped in my opinion.', '2023-08-07'),
(577, 4, 8, 5, 'Characters were well developed.', '2023-07-10'),
(578, 8, 2, 2, 'Well-written and engaging.', '2023-04-04'),
(579, 7, 6, 5, 'Enjoyed every page!', '2023-09-16'),
(580, 8, 6, 4, 'Characters were well developed.', '2023-06-09'),
(581, 5, 6, 5, 'Not my favorite, but still good.', '2023-12-02'),
(582, 6, 3, 4, 'Overhyped in my opinion.', '2023-08-28'),
(583, 8, 10, 2, 'Overhyped in my opinion.', '2023-10-10'),
(584, 5, 7, 3, 'Couldn’t put it down.', '2024-01-14'),
(585, 4, 10, 5, 'Thought-provoking and emotional.', '2024-03-15'),
(586, 9, 1, 4, 'Not my favorite, but still good.', '2023-11-11'),
(587, 5, 2, 4, 'A slow start, but great ending.', '2023-06-11'),
(588, 5, 4, 3, 'Thought-provoking and emotional.', '2024-04-01'),
(589, 7, 7, 1, 'A slow start, but great ending.', '2024-02-01'),
(590, 8, 10, 4, 'Highly recommend to fans of the genre.', '2023-12-16'),
(591, 7, 9, 1, 'Overhyped in my opinion.', '2024-03-25'),
(592, 9, 10, 1, 'Couldn’t put it down.', '2023-08-06'),
(593, 6, 3, 5, 'A must-read!', '2024-01-14'),
(594, 7, 6, 4, 'Couldn’t put it down.', '2023-04-06'),
(595, 2, 5, 2, 'Highly recommend to fans of the genre.', '2023-12-22'),
(596, 9, 10, 5, 'Not my favorite, but still good.', '2023-11-15'),
(597, 6, 7, 4, 'Characters were well developed.', '2024-03-19'),
(598, 9, 3, 3, 'A must-read!', '2023-12-04'),
(599, 2, 5, 4, 'Couldn’t put it down.', '2023-05-30'),
(600, 3, 6, 3, 'Overhyped in my opinion.', '2023-11-20'),
(601, 4, 9, 4, 'Overhyped in my opinion.', '2023-11-30'),
(602, 2, 8, 4, 'Overhyped in my opinion.', '2023-05-05'),
(603, 5, 1, 1, 'A must-read!', '2023-09-23'),
(604, 2, 3, 2, 'Highly recommend to fans of the genre.', '2023-06-29'),
(605, 9, 3, 3, 'Highly recommend to fans of the genre.', '2023-11-05'),
(606, 8, 4, 4, 'Thought-provoking and emotional.', '2023-07-05'),
(607, 7, 7, 1, 'Characters were well developed.', '2023-07-11'),
(608, 8, 10, 4, 'Enjoyed every page!', '2023-04-03'),
(609, 4, 4, 3, 'Couldn’t put it down.', '2024-01-21'),
(610, 2, 9, 2, 'Overhyped in my opinion.', '2023-09-14'),
(611, 4, 8, 1, 'Well-written and engaging.', '2024-03-09'),
(612, 8, 9, 3, 'Characters were well developed.', '2023-10-16'),
(613, 10, 7, 5, 'Couldn’t put it down.', '2023-09-26'),
(614, 6, 8, 5, 'Thought-provoking and emotional.', '2024-03-10'),
(615, 5, 10, 5, 'Couldn’t put it down.', '2024-03-10'),
(616, 3, 6, 1, 'Not my favorite, but still good.', '2023-09-04'),
(617, 2, 3, 3, 'Thought-provoking and emotional.', '2023-12-18'),
(618, 7, 7, 5, 'Thought-provoking and emotional.', '2024-01-20'),
(619, 7, 7, 2, 'A slow start, but great ending.', '2024-02-20'),
(620, 9, 3, 5, 'Thought-provoking and emotional.', '2023-12-07'),
(621, 5, 3, 2, 'Overhyped in my opinion.', '2023-11-17'),
(622, 10, 1, 3, 'A must-read!', '2023-12-05'),
(623, 3, 4, 4, 'Highly recommend to fans of the genre.', '2023-12-15'),
(624, 8, 7, 4, 'Enjoyed every page!', '2024-03-29'),
(625, 8, 8, 2, 'Couldn’t put it down.', '2024-01-15'),
(626, 1, 4, 3, 'A must-read!', '2023-08-19'),
(627, 4, 9, 3, 'Thought-provoking and emotional.', '2023-11-21'),
(628, 10, 8, 5, 'Highly recommend to fans of the genre.', '2023-05-28'),
(629, 10, 2, 3, 'Highly recommend to fans of the genre.', '2023-10-05'),
(630, 9, 1, 4, 'Highly recommend to fans of the genre.', '2023-07-21'),
(631, 7, 2, 2, 'Well-written and engaging.', '2023-04-17'),
(632, 8, 5, 3, 'Couldn’t put it down.', '2023-11-11'),
(633, 2, 4, 2, 'Characters were well developed.', '2024-03-18'),
(634, 6, 10, 4, 'Thought-provoking and emotional.', '2024-02-10'),
(635, 3, 4, 2, 'A must-read!', '2024-01-17'),
(636, 6, 9, 3, 'Characters were well developed.', '2024-01-01'),
(637, 3, 6, 3, 'Well-written and engaging.', '2024-01-19'),
(638, 5, 9, 1, 'Thought-provoking and emotional.', '2023-10-28'),
(639, 1, 5, 2, 'Thought-provoking and emotional.', '2023-08-06'),
(640, 3, 6, 2, 'Enjoyed every page!', '2023-12-07'),
(641, 3, 10, 3, 'Enjoyed every page!', '2023-10-10'),
(642, 8, 2, 1, 'Enjoyed every page!', '2023-12-20'),
(643, 5, 6, 4, 'A slow start, but great ending.', '2023-09-15'),
(644, 10, 1, 1, 'A slow start, but great ending.', '2024-02-20'),
(645, 6, 2, 5, 'Enjoyed every page!', '2023-07-21'),
(646, 7, 4, 4, 'Well-written and engaging.', '2023-09-13'),
(647, 5, 6, 5, 'Characters were well developed.', '2023-06-06'),
(648, 10, 8, 3, 'A must-read!', '2023-04-24'),
(649, 2, 8, 1, 'Couldn’t put it down.', '2023-06-20'),
(650, 8, 8, 1, 'Enjoyed every page!', '2023-07-13'),
(651, 3, 5, 2, 'Well-written and engaging.', '2023-05-18'),
(652, 6, 5, 1, 'Overhyped in my opinion.', '2024-03-06'),
(653, 3, 1, 4, 'Well-written and engaging.', '2024-03-24'),
(654, 4, 7, 1, 'Couldn’t put it down.', '2023-04-01'),
(655, 4, 8, 1, 'Thought-provoking and emotional.', '2024-01-29'),
(656, 4, 9, 4, 'A must-read!', '2023-04-05'),
(657, 6, 2, 4, 'Thought-provoking and emotional.', '2023-12-01'),
(658, 2, 4, 4, 'Couldn’t put it down.', '2023-05-23'),
(659, 2, 6, 3, 'Well-written and engaging.', '2023-06-10'),
(660, 7, 3, 2, 'Couldn’t put it down.', '2023-12-28'),
(661, 10, 1, 5, 'Thought-provoking and emotional.', '2023-11-12'),
(662, 6, 4, 2, 'Enjoyed every page!', '2024-02-10'),
(663, 8, 4, 1, 'Couldn’t put it down.', '2023-06-11'),
(664, 2, 10, 4, 'Overhyped in my opinion.', '2023-11-06'),
(665, 6, 3, 2, 'Well-written and engaging.', '2024-02-25'),
(666, 2, 4, 5, 'Characters were well developed.', '2024-02-02'),
(667, 10, 5, 1, 'Well-written and engaging.', '2023-07-15'),
(668, 9, 10, 5, 'Not my favorite, but still good.', '2023-10-18'),
(669, 5, 1, 2, 'A slow start, but great ending.', '2023-10-15'),
(670, 2, 4, 4, 'Characters were well developed.', '2023-05-07'),
(671, 9, 1, 3, 'Overhyped in my opinion.', '2023-06-07'),
(672, 7, 10, 4, 'Overhyped in my opinion.', '2024-01-05'),
(673, 3, 8, 1, 'A must-read!', '2024-01-26'),
(674, 2, 1, 3, 'Not my favorite, but still good.', '2023-04-21'),
(675, 1, 7, 5, 'Well-written and engaging.', '2024-02-16'),
(676, 9, 7, 4, 'Enjoyed every page!', '2023-05-13'),
(677, 9, 9, 5, 'Thought-provoking and emotional.', '2023-08-21'),
(678, 2, 5, 1, 'Highly recommend to fans of the genre.', '2023-07-14'),
(679, 3, 9, 3, 'Enjoyed every page!', '2024-01-26'),
(680, 2, 5, 4, 'Not my favorite, but still good.', '2023-04-30'),
(681, 4, 2, 4, 'Couldn’t put it down.', '2023-11-19'),
(682, 10, 10, 1, 'Well-written and engaging.', '2024-03-07'),
(683, 3, 2, 1, 'Thought-provoking and emotional.', '2024-03-25'),
(684, 1, 3, 4, 'Overhyped in my opinion.', '2023-12-24'),
(685, 9, 5, 2, 'Overhyped in my opinion.', '2023-06-04'),
(686, 5, 2, 1, 'Overhyped in my opinion.', '2023-11-06'),
(687, 5, 9, 1, 'Well-written and engaging.', '2024-03-30'),
(688, 10, 2, 4, 'A slow start, but great ending.', '2023-12-18'),
(689, 6, 1, 4, 'Characters were well developed.', '2023-06-25'),
(690, 6, 3, 3, 'Couldn’t put it down.', '2024-01-19'),
(691, 2, 4, 5, 'A must-read!', '2023-04-23'),
(692, 1, 4, 1, 'A slow start, but great ending.', '2023-10-04'),
(693, 7, 3, 2, 'A must-read!', '2024-01-09'),
(694, 7, 4, 3, 'Not my favorite, but still good.', '2023-10-31'),
(695, 6, 5, 1, 'Characters were well developed.', '2023-10-08'),
(696, 2, 9, 1, 'Thought-provoking and emotional.', '2023-07-24'),
(697, 9, 1, 4, 'Couldn’t put it down.', '2023-11-25'),
(698, 5, 5, 3, 'Couldn’t put it down.', '2024-01-09'),
(699, 8, 1, 3, 'Not my favorite, but still good.', '2023-08-28'),
(700, 10, 5, 5, 'Not my favorite, but still good.', '2023-11-24'),
(701, 6, 10, 4, 'Not my favorite, but still good.', '2024-01-05'),
(702, 4, 3, 1, 'Enjoyed every page!', '2023-04-13'),
(703, 4, 9, 3, 'A must-read!', '2023-09-19'),
(704, 1, 7, 3, 'Couldn’t put it down.', '2023-07-15'),
(705, 9, 4, 4, 'A slow start, but great ending.', '2023-05-01'),
(706, 3, 5, 1, 'A must-read!', '2023-07-28'),
(707, 9, 7, 3, 'A slow start, but great ending.', '2023-05-14'),
(708, 10, 2, 5, 'Thought-provoking and emotional.', '2024-02-21'),
(709, 7, 2, 5, 'Characters were well developed.', '2023-05-02'),
(710, 7, 3, 2, 'Well-written and engaging.', '2023-08-12'),
(711, 6, 7, 3, 'Overhyped in my opinion.', '2023-11-18'),
(712, 5, 4, 1, 'Not my favorite, but still good.', '2023-06-09'),
(713, 10, 2, 2, 'Couldn’t put it down.', '2023-06-24'),
(714, 8, 8, 3, 'Enjoyed every page!', '2023-06-01'),
(715, 9, 6, 2, 'A slow start, but great ending.', '2023-09-05'),
(716, 8, 5, 1, 'Couldn’t put it down.', '2023-06-20'),
(717, 5, 10, 1, 'Not my favorite, but still good.', '2023-09-15'),
(718, 3, 2, 2, 'Overhyped in my opinion.', '2023-10-20'),
(719, 9, 1, 3, 'Well-written and engaging.', '2023-06-29'),
(720, 1, 7, 4, 'Highly recommend to fans of the genre.', '2024-01-07'),
(721, 4, 2, 4, 'Couldn’t put it down.', '2023-06-11'),
(722, 2, 1, 1, 'Not my favorite, but still good.', '2023-06-06'),
(723, 4, 7, 3, 'Couldn’t put it down.', '2024-01-24'),
(724, 10, 5, 1, 'A must-read!', '2023-05-04'),
(725, 4, 8, 2, 'Couldn’t put it down.', '2023-09-17'),
(726, 2, 1, 4, 'A must-read!', '2023-06-26'),
(727, 10, 7, 4, 'A slow start, but great ending.', '2023-04-16'),
(728, 7, 7, 2, 'Overhyped in my opinion.', '2023-07-19'),
(729, 3, 5, 3, 'A slow start, but great ending.', '2023-06-16'),
(730, 1, 10, 5, 'Characters were well developed.', '2023-08-04'),
(731, 5, 8, 4, 'Highly recommend to fans of the genre.', '2023-12-02'),
(732, 1, 2, 3, 'Enjoyed every page!', '2023-06-10'),
(733, 7, 4, 5, 'Not my favorite, but still good.', '2024-02-17'),
(734, 9, 1, 4, 'Overhyped in my opinion.', '2023-12-02'),
(735, 9, 8, 3, 'Characters were well developed.', '2023-12-14'),
(736, 6, 7, 3, 'Thought-provoking and emotional.', '2023-04-14'),
(737, 6, 10, 2, 'A must-read!', '2023-08-22'),
(738, 1, 8, 5, 'Overhyped in my opinion.', '2024-01-25'),
(739, 4, 3, 1, 'Not my favorite, but still good.', '2024-03-02'),
(740, 4, 5, 5, 'A must-read!', '2023-07-22'),
(741, 10, 7, 3, 'Thought-provoking and emotional.', '2023-06-30'),
(742, 4, 10, 3, 'Overhyped in my opinion.', '2024-01-28'),
(743, 1, 6, 5, 'Characters were well developed.', '2023-06-12'),
(744, 10, 4, 4, 'Highly recommend to fans of the genre.', '2023-09-06'),
(745, 3, 8, 1, 'Couldn’t put it down.', '2023-04-29'),
(746, 4, 10, 2, 'A must-read!', '2023-12-26'),
(747, 8, 1, 3, 'Characters were well developed.', '2023-07-13'),
(748, 3, 6, 2, 'Overhyped in my opinion.', '2023-05-01'),
(749, 1, 3, 5, 'Thought-provoking and emotional.', '2023-05-27'),
(750, 9, 6, 1, 'Overhyped in my opinion.', '2024-03-26'),
(751, 7, 10, 1, 'Overhyped in my opinion.', '2023-09-02'),
(752, 6, 3, 2, 'Enjoyed every page!', '2024-02-22'),
(753, 8, 6, 2, 'Highly recommend to fans of the genre.', '2024-03-21'),
(754, 10, 6, 2, 'Characters were well developed.', '2023-06-29'),
(755, 7, 5, 3, 'Thought-provoking and emotional.', '2023-06-30'),
(756, 1, 10, 4, 'Characters were well developed.', '2023-04-17'),
(757, 3, 10, 3, 'Characters were well developed.', '2023-07-23'),
(758, 10, 2, 4, 'Thought-provoking and emotional.', '2023-09-17'),
(759, 2, 4, 3, 'Overhyped in my opinion.', '2023-06-25'),
(760, 2, 6, 4, 'A must-read!', '2023-08-14'),
(761, 4, 4, 1, 'Overhyped in my opinion.', '2023-08-10'),
(762, 2, 1, 1, 'Enjoyed every page!', '2023-11-11'),
(763, 7, 3, 4, 'A slow start, but great ending.', '2023-10-11'),
(764, 6, 9, 4, 'Couldn’t put it down.', '2023-12-02'),
(765, 10, 4, 2, 'A slow start, but great ending.', '2023-05-08'),
(766, 1, 5, 1, 'Overhyped in my opinion.', '2023-08-12'),
(767, 2, 2, 3, 'Thought-provoking and emotional.', '2023-10-10'),
(768, 3, 2, 5, 'Couldn’t put it down.', '2023-09-21'),
(769, 10, 10, 4, 'A must-read!', '2023-11-07'),
(770, 3, 10, 4, 'Thought-provoking and emotional.', '2023-04-28'),
(771, 2, 6, 2, 'Not my favorite, but still good.', '2023-10-27'),
(772, 9, 9, 3, 'Well-written and engaging.', '2023-08-31'),
(773, 4, 2, 1, 'Enjoyed every page!', '2024-01-18'),
(774, 9, 8, 2, 'A must-read!', '2023-10-02'),
(775, 1, 7, 1, 'Well-written and engaging.', '2024-03-04'),
(776, 10, 8, 2, 'Couldn’t put it down.', '2023-04-14'),
(777, 4, 3, 3, 'Couldn’t put it down.', '2023-11-29'),
(778, 2, 5, 4, 'A slow start, but great ending.', '2023-12-07'),
(779, 5, 2, 5, 'Enjoyed every page!', '2023-07-04'),
(780, 6, 7, 3, 'Thought-provoking and emotional.', '2023-11-15'),
(781, 1, 5, 4, 'A slow start, but great ending.', '2023-08-13'),
(782, 4, 5, 5, 'A must-read!', '2023-06-17'),
(783, 2, 2, 3, 'Highly recommend to fans of the genre.', '2023-10-29'),
(784, 10, 4, 5, 'A must-read!', '2023-10-16'),
(785, 9, 7, 5, 'A slow start, but great ending.', '2024-01-19'),
(786, 4, 8, 3, 'Couldn’t put it down.', '2023-10-20'),
(787, 1, 9, 5, 'Highly recommend to fans of the genre.', '2024-01-18'),
(788, 10, 3, 1, 'A slow start, but great ending.', '2023-06-28'),
(789, 3, 4, 2, 'Thought-provoking and emotional.', '2023-04-22'),
(790, 7, 2, 4, 'Not my favorite, but still good.', '2024-02-16'),
(791, 3, 10, 3, 'Overhyped in my opinion.', '2023-05-05'),
(792, 2, 7, 5, 'Enjoyed every page!', '2024-01-08'),
(793, 6, 5, 5, 'A slow start, but great ending.', '2023-04-07'),
(794, 10, 10, 5, 'Enjoyed every page!', '2023-05-28'),
(795, 7, 3, 2, 'Characters were well developed.', '2024-01-27'),
(796, 10, 2, 1, 'Characters were well developed.', '2023-05-22'),
(797, 5, 9, 3, 'Enjoyed every page!', '2023-08-14'),
(798, 7, 8, 5, 'Characters were well developed.', '2023-11-29'),
(799, 1, 3, 3, 'Enjoyed every page!', '2023-06-13'),
(800, 10, 10, 4, 'A must-read!', '2023-10-20'),
(801, 6, 4, 1, 'A slow start, but great ending.', '2023-08-16'),
(802, 6, 1, 3, 'Well-written and engaging.', '2023-09-07'),
(803, 5, 8, 1, 'Not my favorite, but still good.', '2023-06-08'),
(804, 5, 8, 3, 'Well-written and engaging.', '2023-10-31'),
(805, 10, 2, 2, 'A slow start, but great ending.', '2023-07-18'),
(806, 7, 8, 5, 'Overhyped in my opinion.', '2023-04-29'),
(807, 9, 3, 1, 'Well-written and engaging.', '2024-03-29'),
(808, 9, 7, 2, 'Highly recommend to fans of the genre.', '2024-01-17'),
(809, 1, 3, 2, 'Not my favorite, but still good.', '2023-04-30'),
(810, 4, 1, 4, 'A must-read!', '2023-10-02'),
(811, 4, 5, 3, 'A slow start, but great ending.', '2023-12-15'),
(812, 7, 2, 1, 'Not my favorite, but still good.', '2023-10-08'),
(813, 8, 10, 4, 'Thought-provoking and emotional.', '2023-11-29'),
(814, 10, 9, 3, 'Overhyped in my opinion.', '2023-06-23'),
(815, 5, 2, 3, 'A must-read!', '2023-10-15'),
(816, 1, 3, 5, 'Not my favorite, but still good.', '2023-07-23'),
(817, 4, 4, 3, 'Enjoyed every page!', '2023-12-19'),
(818, 1, 1, 4, 'Thought-provoking and emotional.', '2024-02-26'),
(819, 3, 10, 1, 'Not my favorite, but still good.', '2023-08-08'),
(820, 10, 5, 3, 'Enjoyed every page!', '2023-10-10'),
(821, 6, 8, 3, 'Not my favorite, but still good.', '2023-11-25'),
(822, 5, 9, 5, 'Enjoyed every page!', '2024-01-25'),
(823, 2, 1, 5, 'Overhyped in my opinion.', '2024-01-13'),
(824, 10, 10, 3, 'Well-written and engaging.', '2024-03-16'),
(825, 2, 8, 1, 'Overhyped in my opinion.', '2023-08-20'),
(826, 6, 5, 3, 'Well-written and engaging.', '2023-07-06'),
(827, 3, 9, 2, 'A must-read!', '2024-02-02'),
(828, 7, 6, 2, 'A must-read!', '2024-03-01'),
(829, 8, 5, 3, 'Enjoyed every page!', '2023-10-25'),
(830, 7, 1, 5, 'Characters were well developed.', '2023-07-07'),
(831, 6, 4, 5, 'A slow start, but great ending.', '2024-03-09'),
(832, 6, 9, 3, 'Thought-provoking and emotional.', '2024-03-02'),
(833, 9, 3, 3, 'Couldn’t put it down.', '2023-11-28'),
(834, 3, 5, 5, 'Thought-provoking and emotional.', '2024-03-14'),
(835, 6, 2, 2, 'Overhyped in my opinion.', '2023-07-24'),
(836, 5, 7, 3, 'Overhyped in my opinion.', '2023-08-12'),
(837, 10, 5, 4, 'Couldn’t put it down.', '2023-11-27'),
(838, 1, 10, 5, 'Characters were well developed.', '2023-05-07'),
(839, 8, 4, 5, 'Couldn’t put it down.', '2024-03-14'),
(840, 7, 9, 3, 'Enjoyed every page!', '2023-04-28'),
(841, 3, 3, 2, 'Overhyped in my opinion.', '2023-10-27'),
(842, 10, 8, 2, 'Overhyped in my opinion.', '2024-04-01'),
(843, 3, 2, 4, 'Overhyped in my opinion.', '2024-02-18'),
(844, 3, 6, 1, 'A must-read!', '2023-11-18'),
(845, 5, 4, 2, 'Characters were well developed.', '2023-06-21'),
(846, 8, 2, 2, 'Characters were well developed.', '2023-11-09'),
(847, 7, 7, 4, 'A slow start, but great ending.', '2023-10-14'),
(848, 1, 1, 5, 'Not my favorite, but still good.', '2023-10-09'),
(849, 1, 6, 5, 'Not my favorite, but still good.', '2023-04-10'),
(850, 1, 4, 2, 'Overhyped in my opinion.', '2023-09-07'),
(851, 3, 2, 4, 'Highly recommend to fans of the genre.', '2024-01-27'),
(852, 5, 3, 1, 'A must-read!', '2023-08-31'),
(853, 5, 8, 5, 'Characters were well developed.', '2023-12-25'),
(854, 6, 7, 2, 'Overhyped in my opinion.', '2023-12-07'),
(855, 6, 4, 2, 'Enjoyed every page!', '2023-04-10'),
(856, 4, 4, 2, 'Not my favorite, but still good.', '2023-04-12'),
(857, 10, 9, 2, 'Couldn’t put it down.', '2023-10-05'),
(858, 1, 7, 3, 'Highly recommend to fans of the genre.', '2024-02-14'),
(859, 1, 10, 1, 'Couldn’t put it down.', '2024-02-29'),
(860, 1, 1, 1, 'Enjoyed every page!', '2023-11-14'),
(861, 7, 2, 5, 'Well-written and engaging.', '2023-11-29'),
(862, 3, 4, 1, 'Well-written and engaging.', '2023-11-02'),
(863, 2, 9, 3, 'Characters were well developed.', '2024-02-05'),
(864, 3, 7, 1, 'Highly recommend to fans of the genre.', '2024-02-11'),
(865, 2, 5, 1, 'Couldn’t put it down.', '2023-12-11'),
(866, 4, 10, 2, 'Well-written and engaging.', '2023-12-24'),
(867, 4, 6, 4, 'Well-written and engaging.', '2023-06-22'),
(868, 1, 9, 4, 'Not my favorite, but still good.', '2024-03-18'),
(869, 8, 6, 2, 'A must-read!', '2023-04-07'),
(870, 2, 2, 5, 'A slow start, but great ending.', '2023-06-16'),
(871, 2, 9, 1, 'Couldn’t put it down.', '2023-08-10'),
(872, 4, 8, 3, 'Well-written and engaging.', '2023-11-24'),
(873, 1, 2, 2, 'A must-read!', '2023-08-27'),
(874, 6, 6, 4, 'Couldn’t put it down.', '2023-05-19'),
(875, 1, 1, 2, 'Thought-provoking and emotional.', '2023-09-16'),
(876, 6, 8, 5, 'Well-written and engaging.', '2023-05-18'),
(877, 6, 6, 2, 'Couldn’t put it down.', '2023-10-23'),
(878, 7, 8, 3, 'Enjoyed every page!', '2024-03-19'),
(879, 8, 7, 2, 'Couldn’t put it down.', '2023-06-07'),
(880, 1, 3, 1, 'Enjoyed every page!', '2024-01-28'),
(881, 8, 10, 4, 'Thought-provoking and emotional.', '2024-02-07'),
(882, 7, 6, 5, 'A must-read!', '2024-03-16'),
(883, 3, 8, 4, 'Couldn’t put it down.', '2023-10-28'),
(884, 8, 1, 1, 'Well-written and engaging.', '2024-03-01'),
(885, 6, 1, 5, 'Characters were well developed.', '2024-01-15'),
(886, 4, 6, 5, 'Highly recommend to fans of the genre.', '2024-03-18'),
(887, 10, 2, 4, 'Not my favorite, but still good.', '2023-12-03'),
(888, 6, 7, 2, 'Highly recommend to fans of the genre.', '2024-02-08'),
(889, 1, 1, 2, 'Highly recommend to fans of the genre.', '2023-11-27'),
(890, 8, 3, 1, 'A slow start, but great ending.', '2023-09-12'),
(891, 4, 6, 3, 'A must-read!', '2023-12-16'),
(892, 4, 9, 4, 'Enjoyed every page!', '2023-07-30'),
(893, 2, 8, 4, 'Characters were well developed.', '2023-11-16'),
(894, 2, 8, 4, 'Overhyped in my opinion.', '2023-05-31'),
(895, 8, 1, 1, 'Enjoyed every page!', '2023-10-29'),
(896, 1, 9, 5, 'A must-read!', '2023-05-17'),
(897, 10, 10, 3, 'Highly recommend to fans of the genre.', '2024-01-13'),
(898, 4, 8, 3, 'Overhyped in my opinion.', '2023-04-28'),
(899, 4, 8, 3, 'Highly recommend to fans of the genre.', '2024-02-12'),
(900, 10, 8, 3, 'A slow start, but great ending.', '2023-05-29'),
(901, 2, 4, 1, 'Overhyped in my opinion.', '2023-09-29'),
(902, 5, 9, 5, 'Overhyped in my opinion.', '2024-03-25'),
(903, 2, 1, 2, 'A slow start, but great ending.', '2023-06-11'),
(904, 7, 2, 3, 'Characters were well developed.', '2023-07-10'),
(905, 4, 2, 4, 'Not my favorite, but still good.', '2023-11-21'),
(906, 4, 6, 1, 'Enjoyed every page!', '2023-04-24'),
(907, 10, 2, 4, 'A slow start, but great ending.', '2024-03-03'),
(908, 10, 9, 2, 'A slow start, but great ending.', '2023-04-03'),
(909, 9, 1, 5, 'Enjoyed every page!', '2024-01-25'),
(910, 8, 9, 2, 'Characters were well developed.', '2023-06-28'),
(911, 3, 2, 4, 'Characters were well developed.', '2024-02-05'),
(912, 6, 9, 4, 'Enjoyed every page!', '2024-02-06'),
(913, 4, 5, 4, 'Overhyped in my opinion.', '2023-08-29'),
(914, 8, 3, 2, 'Enjoyed every page!', '2024-02-03'),
(915, 9, 5, 5, 'Overhyped in my opinion.', '2024-03-30'),
(916, 9, 4, 2, 'Not my favorite, but still good.', '2024-02-14'),
(917, 5, 6, 2, 'Thought-provoking and emotional.', '2023-12-14'),
(918, 9, 6, 1, 'Overhyped in my opinion.', '2024-01-13'),
(919, 8, 10, 5, 'Enjoyed every page!', '2024-03-11'),
(920, 9, 5, 4, 'A must-read!', '2023-12-24'),
(921, 2, 1, 4, 'Thought-provoking and emotional.', '2023-04-28'),
(922, 1, 4, 3, 'Thought-provoking and emotional.', '2023-08-25'),
(923, 5, 3, 1, 'Well-written and engaging.', '2023-07-14'),
(924, 9, 1, 3, 'A slow start, but great ending.', '2023-05-23'),
(925, 10, 9, 2, 'Highly recommend to fans of the genre.', '2023-10-17'),
(926, 4, 9, 3, 'A must-read!', '2023-10-13'),
(927, 7, 7, 3, 'Highly recommend to fans of the genre.', '2023-04-28'),
(928, 1, 5, 2, 'Characters were well developed.', '2023-11-13'),
(929, 4, 6, 5, 'Highly recommend to fans of the genre.', '2024-02-03'),
(930, 4, 4, 3, 'A slow start, but great ending.', '2023-06-30'),
(931, 2, 3, 2, 'Highly recommend to fans of the genre.', '2023-06-01'),
(932, 7, 1, 4, 'Well-written and engaging.', '2024-01-10'),
(933, 5, 3, 2, 'Characters were well developed.', '2023-08-09'),
(934, 1, 6, 4, 'Thought-provoking and emotional.', '2023-04-21'),
(935, 3, 6, 5, 'A must-read!', '2024-02-15'),
(936, 10, 5, 4, 'Characters were well developed.', '2024-01-07'),
(937, 6, 2, 3, 'Highly recommend to fans of the genre.', '2023-07-22'),
(938, 3, 9, 1, 'Highly recommend to fans of the genre.', '2023-06-21'),
(939, 7, 9, 5, 'Enjoyed every page!', '2023-05-18'),
(940, 6, 4, 2, 'Overhyped in my opinion.', '2023-09-17'),
(941, 6, 5, 2, 'Characters were well developed.', '2023-12-28'),
(942, 8, 9, 1, 'Couldn’t put it down.', '2024-03-08'),
(943, 6, 8, 2, 'Characters were well developed.', '2024-02-13'),
(944, 4, 1, 3, 'Enjoyed every page!', '2023-05-29'),
(945, 7, 5, 5, 'Well-written and engaging.', '2023-04-13'),
(946, 9, 6, 5, 'Highly recommend to fans of the genre.', '2023-11-15'),
(947, 8, 1, 3, 'Not my favorite, but still good.', '2023-09-12'),
(948, 9, 2, 1, 'Thought-provoking and emotional.', '2024-01-01'),
(949, 9, 1, 1, 'Not my favorite, but still good.', '2024-03-09'),
(950, 4, 7, 1, 'Not my favorite, but still good.', '2024-01-01'),
(951, 7, 2, 2, 'A must-read!', '2023-11-22'),
(952, 6, 1, 1, 'Couldn’t put it down.', '2023-04-28'),
(953, 3, 5, 5, 'Couldn’t put it down.', '2024-01-20'),
(954, 4, 5, 4, 'Enjoyed every page!', '2023-11-17'),
(955, 7, 7, 3, 'A must-read!', '2023-10-17'),
(956, 2, 9, 1, 'Characters were well developed.', '2023-05-03'),
(957, 10, 1, 1, 'Overhyped in my opinion.', '2023-12-14'),
(958, 2, 5, 3, 'Characters were well developed.', '2023-05-15'),
(959, 5, 8, 4, 'Enjoyed every page!', '2024-03-04'),
(960, 1, 8, 2, 'Highly recommend to fans of the genre.', '2023-07-22'),
(961, 3, 7, 5, 'Well-written and engaging.', '2024-02-19'),
(962, 3, 5, 3, 'A must-read!', '2024-01-09'),
(963, 9, 3, 1, 'A must-read!', '2023-04-03'),
(964, 10, 10, 4, 'Highly recommend to fans of the genre.', '2024-01-06'),
(965, 2, 5, 2, 'Overhyped in my opinion.', '2023-07-18'),
(966, 7, 9, 2, 'Thought-provoking and emotional.', '2023-07-04'),
(967, 4, 10, 3, 'Not my favorite, but still good.', '2023-05-29'),
(968, 3, 10, 1, 'Highly recommend to fans of the genre.', '2023-11-23'),
(969, 9, 2, 3, 'Couldn’t put it down.', '2023-08-07'),
(970, 2, 4, 5, 'A slow start, but great ending.', '2023-09-17'),
(971, 6, 3, 2, 'Couldn’t put it down.', '2023-08-24'),
(972, 10, 2, 2, 'Overhyped in my opinion.', '2023-12-05'),
(973, 8, 6, 5, 'Well-written and engaging.', '2024-03-21'),
(974, 10, 3, 5, 'Characters were well developed.', '2023-10-04'),
(975, 6, 7, 2, 'A must-read!', '2023-09-08'),
(976, 4, 4, 4, 'Well-written and engaging.', '2023-10-02'),
(977, 3, 6, 4, 'A slow start, but great ending.', '2023-11-15'),
(978, 6, 5, 4, 'Highly recommend to fans of the genre.', '2023-05-26'),
(979, 3, 10, 1, 'Well-written and engaging.', '2023-06-11'),
(980, 9, 4, 3, 'Couldn’t put it down.', '2023-05-09'),
(981, 1, 9, 1, 'Characters were well developed.', '2024-01-22'),
(982, 7, 10, 2, 'A must-read!', '2024-01-08'),
(983, 5, 9, 5, 'A slow start, but great ending.', '2024-02-29'),
(984, 3, 6, 4, 'Not my favorite, but still good.', '2024-01-27'),
(985, 5, 3, 4, 'Highly recommend to fans of the genre.', '2023-12-18'),
(986, 2, 7, 3, 'Highly recommend to fans of the genre.', '2023-04-06'),
(987, 4, 10, 2, 'Highly recommend to fans of the genre.', '2023-06-11'),
(988, 8, 3, 2, 'Characters were well developed.', '2024-01-15'),
(989, 3, 8, 3, 'A must-read!', '2023-07-22'),
(990, 8, 4, 1, 'Well-written and engaging.', '2023-10-07'),
(991, 4, 1, 2, 'Highly recommend to fans of the genre.', '2023-10-02'),
(992, 7, 8, 4, 'A must-read!', '2023-04-21'),
(993, 6, 2, 5, 'Well-written and engaging.', '2023-08-13'),
(994, 10, 9, 5, 'Thought-provoking and emotional.', '2023-10-10'),
(995, 7, 6, 5, 'Couldn’t put it down.', '2023-12-21'),
(996, 5, 7, 2, 'Highly recommend to fans of the genre.', '2023-10-25'),
(997, 6, 6, 4, 'A slow start, but great ending.', '2024-02-04'),
(998, 1, 9, 2, 'A slow start, but great ending.', '2023-06-24'),
(999, 4, 2, 5, 'Well-written and engaging.', '2023-07-18'),
(1000, 3, 3, 2, 'Overhyped in my opinion.', '2024-02-03');

INSERT INTO Employee (employeeId, name, email, phone, address, role) VALUES
(1, 'Allison Hill', 'allison.hill@bookstore.com', '5770197919', '161 Calderon River Suite 931, Lake Jeremyport, IN 13739', 'Manager'),
(2, 'Noah Rhodes', 'noah.rhodes@bookstore.com', '5877198832', '525 Clark Grove Apt. 928, East Steven, SC 90699', 'Manager'),
(3, 'Angie Henderson', 'angie.henderson@bookstore.com', '5127056105', '30564 Jason Port Suite 376, Thomasberg, WA 74080', 'Manager'),
(4, 'Daniel Wagner', 'daniel.wagner@bookstore.com', '5709861078', '653 William Course Apt. 122, Carlsonfurt, PA 61849', 'Staff'),
(5, 'Cristian Santos', 'cristian.santos@bookstore.com', '5247332488', '184 Rodriguez Mews, South Aaron, VA 35023', 'Staff'),
(6, 'Connie Lawrence', 'connie.lawrence@bookstore.com', '5445188049', 'Unit 2814 Box 8932, DPO AA 21675', 'Manager'),
(7, 'Abigail Shaffer', 'abigail.shaffer@bookstore.com', '5870989978', '570 Sarah Wells, Johnbury, OK 10823', 'Staff'),
(8, 'Gina Moore', 'gina.moore@bookstore.com', '5354576141', '82278 Joseph Well Suite 383, Raymondstad, NC 59678', 'Staff'),
(9, 'Gabrielle Davis', 'gabrielle.davis@bookstore.com', '5773368624', '50983 Adrian Station, East Carloston, MA 09788', 'Staff'),
(10, 'Ryan Munoz', 'ryan.munoz@bookstore.com', '5121696501', '738 Jennifer Ports Suite 376, North Collin, MI 56020', 'Staff');

INSERT INTO Account (accountId, personalId, accountName, password) VALUES
(1, 1, 'allisonhill', 'bd239751f6ca76359d663dcfc4fd5f81f06447891713f5c882923321e01b3bdc'),
(2, 2, 'noahrhodes', 'c24e18aba8821949893140465c38f8b4f6953d2f85df91cafe432a791424ff04'),
(3, 3, 'angiehenderson', '666f3cfc6437b7a377d04c1b62f7a57f2e0c81528ac3b7942087840c80bae2e6'),
(4, 4, 'danielwagner', 'b8357af226caf3ac75f5b586c60f3372f09c1c0ebe1c1e5d9f96d65dab15c9b6'),
(5, 5, 'cristiansantos', '832d1e767a001afea7ae988a75b037ab3ed90f3e528fffe0a8ac276fb979af6a'),
(6, 6, 'connielawrence', 'c49a8ee9a4d18a8704d98edf5b01668e12a50b61c2d18868e57344d57e63990b'),
(7, 7, 'abigailshaffer', '8ffb51544fe27d8dd726863d0592ab529317df5a67adaf84d5dff219873cc51a'),
(8, 8, 'ginamoore', '0468b044aeda473a33b6dff8f2530c80112925692ef898da1a356f62db23af41'),
(9, 9, 'gabrielledavis', 'b8beda52dcbbbfc7247464125f7610cf8225bd8a33c286eec182d108a5b9c7ff'),
(10, 10, 'ryanmunoz', '6cafa5ee2725585c620d37e87f6064429d316a68cd92292516ab295d3a9d5a83');

